{
    "name": "CentralizedDistillAccordion_0-CIFAR100-ResNet56_0",
    "seed": 0,
    "base_path": "saved_models/CIFAR100/CentralizedDistillAccordionResNet56_0/",
    "save_path": "saved_models/CIFAR100/CentralizedDistillAccordionResNet56_0/model",
    "device_id": 0,
    "exp_type": "CentralizedDistillAccordion",
    "dataset": "CIFAR100",
    "train_size": 45000,
    "val_size": 5000,
    "depth": 56,
    "num_classes": 100,
    "beta": 0.05,
    "lr": 0.05,
    "n_devices": null,
    "n_device_per_round": null,
    "global_epochs": 180,
    "scheduling": false,
    "distillation": true,
    "patience": 12,
    "local_epochs": null,
    "n_models": null,
    "confs": null,
    "n_device_confs": null,
    "n_blocks": null,
    "num_blocks": null,
    "device_num_blocks": null,
    "fraction_probabilities": [
        0.018518518518518517,
        0.018518518518518517,
        0.018518518518518517,
        0.018518518518518517,
        0.018518518518518517,
        0.018518518518518517,
        0.018518518518518517,
        0.018518518518518517,
        0.018518518518518517,
        0.018518518518518517,
        0.018518518518518517,
        0.018518518518518517,
        0.018518518518518517,
        0.018518518518518517,
        0.018518518518518517,
        0.018518518518518517,
        0.018518518518518517,
        0.018518518518518517,
        0.018518518518518517,
        0.018518518518518517,
        0.018518518518518517,
        0.018518518518518517,
        0.018518518518518517,
        0.018518518518518517,
        0.018518518518518517,
        0.018518518518518517,
        0.018518518518518517,
        0.5
    ],
    "train_nums": null,
    "val_nums": null
}